{"cameraMode":{"drawMode":0,"name":"Shaded","section":"Shading Mode"},"sceneLighting":true,"audioPlay":false,"sceneViewState":{"m_AlwaysRefresh":false,"showFog":true,"showSkybox":true,"showFlares":true,"showImageEffects":true,"showParticleSystems":true,"showVisualEffectGraphs":true,"m_FxEnabled":true},"in2DMode":false,"pivot":{"x":1.7422561645507813,"y":2.6575498580932619,"z":-0.0450747013092041},"rotation":{"x":0.015682552009820939,"y":0.9837251305580139,"z":-0.10815037786960602,"w":0.14264348149299622},"size":3.950651168823242,"orthographic":false}